date,average_price,total_volume,4046,4225,4770,total_bags,small_bags,large_bags,xlarge_bags,type,year,geography
5/6/18,0.89,63716144.15,21137400.46,19900871.87,1052499.15,21625372.67,15436246.72,5840414.83,348711.12,conventional,2018,Total U.S.
2/2/20,0.85,63428864.75,17494332.27,13036382.62,1205863.48,31689188.6,17403574.03,13327600.76,958013.81,conventional,2020,Total U.S.
2/4/18,0.87,62505646.52,21620180.9,20445501.03,1066830.22,19373134.37,13384586.8,5719096.61,269450.96,conventional,2018,Total U.S.
2/3/19,0.84,62451514.93,19498919.53,17887806.52,1591800.19,23472988.69,15264523.33,7864297.23,344168.13,conventional,2019,Total U.S.
5/3/20,1.03,62179375.21,19308947.82,11026477.94,715301.95,31128390.35,20550406.59,9682198.81,895784.95,conventional,2020,Total U.S.
2/5/17,0.77,61034457.1,22743616.17,20328161.55,1664383.09,16298296.29,12567155.58,3618270.75,112869.96,conventional,2017,Total U.S.
5/10/20,1.09,58463220.4,17894355.35,11123423.38,837609.43,28607617.88,18739691.34,8992205.32,875721.22,conventional,2020,Total U.S.
5/31/20,1.07,57509313,16286759,11346382,887011,28989020,18664351,9081422,1243247,conventional,2020,Total U.S.
5/24/20,1.11,56769152,17107525,9947892,854508,28858999,18426503,9218375,1214120,conventional,2020,Total U.S.
7/5/20,1.06,55608056.7,16678146.96,9939269.55,1060183.59,27930345.43,18487694.16,8039467.23,1403184.04,conventional,2020,Total U.S.
6/14/20,1.06,55007945,15510458,11019342,978710,27499330,17969207,8331756,1198367,conventional,2020,Total U.S.
6/7/20,1.08,54532348,16718884,9757798,1100945,26954602,17522596,8376733,1055273,conventional,2020,Total U.S.
2/7/16,0.76,52288697.89,16573573.78,20470572.61,2546439.11,12698112.39,9083373.04,3373077.87,241661.48,conventional,2016,Total U.S.
6/21/20,1.08,52151483.63,15717883.16,9295727.67,950151.32,26187642.59,17715891.54,7164224.45,1307526.6,conventional,2020,Total U.S.
7/26/20,0.99,52057098.76,15169236.51,9651068.44,1134315.05,26102350.94,16765180.32,8237758.57,1099412.05,conventional,2020,Total U.S.
4/26/20,1.15,52015534.19,15237698.67,10580031.68,740327.93,25457282.76,16664184.93,7797364.59,995733.24,conventional,2020,Total U.S.
8/23/20,0.96,51973374,14803098.88,8762148.92,852990.92,27554963.14,17865770.22,8887592.24,801600.68,conventional,2020,Total U.S.
7/19/20,1.01,51962253.46,14222876.95,9856363.24,1213972.61,26668837.25,16933310.41,8622284.79,1113242.05,conventional,2020,Total U.S.
6/28/20,1.04,51723709.35,14685424.96,9247457.73,927273.16,26863384.78,17913818.66,7768050.22,1181515.9,conventional,2020,Total U.S.
5/17/20,1.16,51690121.14,15951219.72,9221698.67,728025.52,25788840.09,16896405.58,7972084.51,920350,conventional,2020,Total U.S.
3/15/20,1.16,51540125.03,14968568.53,8766717.02,452355.38,27352451.88,16100499.57,10631015.21,620937.1,conventional,2020,Total U.S.
7/12/20,1.04,51081492.98,14418172.99,9424287.44,922494.66,26316384.15,16876196.39,8388109.49,1052078.27,conventional,2020,Total U.S.
9/6/20,0.97,51000908.97,14687222.55,8956685.23,793982.21,26562812.83,17244012.23,8568613.62,750186.98,conventional,2020,Total U.S.
8/16/20,0.98,50813602.8,14074482.21,9665480.61,793920.82,26279531.01,16868011.74,8677563.53,733955.74,conventional,2020,Total U.S.
8/30/20,0.95,50629756.96,14004360.25,9228077.74,810538.58,26586634.69,16888980.07,9010325.93,687328.69,conventional,2020,Total U.S.
4/5/20,1.15,50361125.91,16273297.88,9157284.74,486270.26,24444067.4,16146224.38,7530461.91,767381.11,conventional,2020,Total U.S.
4/19/20,1.14,50089191.6,15371297.43,8761487.94,661170.02,25295051.04,16144250.94,8128235.6,1022564.5,conventional,2020,Total U.S.
8/9/20,1.01,49948467.53,13513740.15,9764852.28,830358.97,25839422.61,16843684.44,8164953.84,830784.33,conventional,2020,Total U.S.
8/2/20,1.01,49849471.46,13724124.47,9268799.84,804153.36,26052277.82,16792674.19,8136063.35,1123540.28,conventional,2020,Total U.S.
4/7/19,0.97,49306986.45,14218225.68,12998358.75,1493000.99,20597401.03,12949530.59,7288681.58,359188.86,conventional,2019,Total U.S.
5/5/19,1.22,49213686.42,15439382.06,13655551.28,1033255.45,19085497.63,11663445.5,6985234.27,436817.86,conventional,2019,Total U.S.
9/13/20,0.94,49198202.51,14171358.73,8366190.68,933950.01,25726322.84,17408243.43,7581718.48,736360.93,conventional,2020,Total U.S.
3/22/20,1.16,48981846.51,15236174.5,8484263.47,425086.68,24836313.77,14431165.98,9912371.31,492776.48,conventional,2020,Total U.S.
3/17/19,0.94,48744675.54,15417243.07,11325570.49,1404434.49,20597427.49,13377154.27,6718343.2,501930.02,conventional,2019,Total U.S.
1/19/20,0.93,48534972.05,13102979.33,10072454.62,949386.1,24408696.44,13606025.69,10056820.22,745850.53,conventional,2020,Total U.S.
1/13/19,0.97,48088440.48,15500568.59,13443606.86,741410.17,18402854.86,12137097.88,6130317.9,135439.08,conventional,2019,Total U.S.
2/9/20,0.96,47887559.28,13668923.46,9377990.27,768746.13,24071899.42,12455683.71,10778544.52,837671.19,conventional,2020,Total U.S.
4/12/20,1.2,47850537.28,15337307.32,8657849.24,527482.31,23327706.76,15385868.36,7030807.23,911031.17,conventional,2020,Total U.S.
7/8/18,1.03,47848189.79,14624443.74,14184132.58,1169255.61,17870357.86,12817172.9,4735852.45,317332.51,conventional,2018,Total U.S.
9/20/20,0.94,47745997.97,13176443,8352555.99,780047.42,25436828.23,16258771.48,8508786.25,669270.5,conventional,2020,Total U.S.
5/7/17,1.09,47293921.6,17076650.82,13549102.59,863471.88,15804696.31,11228049.63,4324231.19,252415.49,conventional,2017,Total U.S.
1/20/19,0.99,47145264.29,13843021.42,13453612.06,1328746.49,18519884.32,12840426.17,5419914.54,259543.61,conventional,2019,Total U.S.
5/27/18,1.03,47105314.28,15644843.58,13548819.31,793658.51,17117992.88,11620663.52,5229855.39,267473.97,conventional,2018,Total U.S.
4/15/18,1.03,47098677.68,15307339.31,13807126.47,894946.43,17089265.47,12283244.61,4522004.01,284016.85,conventional,2018,Total U.S.
3/24/19,0.99,47068805.2,14147438.33,13174261.26,1014092.8,18733012.81,11981189.57,6380776.16,371047.08,conventional,2019,Total U.S.
2/10/19,0.91,46702984.78,15056413.17,12025541.02,822702.28,18798328.31,12438637.18,6191152.14,168538.99,conventional,2019,Total U.S.
1/12/20,0.97,46524778.83,13223759.25,8444074.44,627869.92,24227623.24,13241643.55,10377040.43,608939.26,conventional,2020,Total U.S.
10/11/20,0.95,46520087.91,12937425.17,8425186.75,578075.01,24579400.98,15629760.35,8219557.25,730083.38,conventional,2020,Total U.S.
9/27/20,0.96,46413054.99,12606613.45,9042611.16,686912.19,24076918.19,14865025.88,8571499.1,640393.21,conventional,2020,Total U.S.
3/29/20,1.19,46381647.4,14113616.66,8477722.18,419458.24,23370633.92,14907229.13,7758313.73,705091.06,conventional,2020,Total U.S.
5/13/18,1,46371245.84,15432480.06,12367251.74,759855.73,17811658.31,13110016.21,4432536.78,269105.32,conventional,2018,Total U.S.
5/8/16,0.82,46324529.7,14223304.98,17896391.6,1993645.36,12211187.76,8747756.84,3342780.83,120650.09,conventional,2016,Total U.S.
1/6/20,0.97,46310705.72,13036248.61,10416874.46,845596.08,22010551.97,11649671.54,9670934.96,689945.47,conventional,2020,Total U.S.
3/10/19,0.98,46192002.93,14299259.38,12096366.87,996823.67,18799553.01,12490684.42,5873048.32,435820.27,conventional,2019,Total U.S.
10/4/20,0.96,46148476.45,12440281.13,8437295.32,522109.57,24748790.43,14994667.86,9079497.7,674624.87,conventional,2020,Total U.S.
4/14/19,1.05,45956798.68,13116578.64,12746906.95,1181613.53,18911699.56,12002214.73,6411537.42,497947.41,conventional,2019,Total U.S.
6/10/18,1.03,45613372.42,15949807.24,13691955.59,753786.21,15217823.38,11228599.99,3724800.5,264422.89,conventional,2018,Total U.S.
7/1/18,1.05,45572739.17,14978439.61,12542937.62,969238.95,17082122.99,11945298.31,4934540.62,202284.06,conventional,2018,Total U.S.
3/31/19,0.99,45361322.61,13981629.12,11271303.41,1101105.72,19007284.36,11327599.95,7451904.67,227779.74,conventional,2019,Total U.S.
11/8/20,0.9,45167049.45,12157573.48,7742657.34,663601.61,24603217.02,15522722.83,8355577.27,724916.92,conventional,2020,Total U.S.
11/1/20,0.92,45163178.34,11833945.29,7967111.41,689009.65,24673111.99,15077199.57,8700048.22,895864.2,conventional,2020,Total U.S.
10/25/20,0.91,45104348.68,12168145.33,8181873.87,858411.47,23895918.01,15094673.62,7926043.62,875200.77,conventional,2020,Total U.S.
2/23/20,1.01,45009239.58,12700928.54,7811581.19,685823.58,23810906.27,13227463.27,9952406.07,631036.93,conventional,2020,Total U.S.
1/7/19,1.02,44749707.48,14377053.08,11890232.9,893721.1,17588700.4,12829493.4,4617813.55,141393.45,conventional,2019,Total U.S.
6/24/18,1.04,44742749.88,14643774.28,12717017.35,1110724,16271234.25,11708299.17,4262204.76,300730.32,conventional,2018,Total U.S.
6/3/18,1.07,44705039.05,15241658.25,12611264.58,828737.97,16023378.25,11035193.03,4684090.46,304094.76,conventional,2018,Total U.S.
10/18/20,0.94,44682650.61,11872016.49,8134688.47,652677.02,24023268.63,15436913.52,7714795.98,871559.13,conventional,2020,Total U.S.
11/15/20,0.91,44676102.51,11459773.14,8207874.47,617624.63,24390830.27,15479745.42,8381613.28,529471.57,conventional,2020,Total U.S.
2/1/15,0.89,44655461.51,18933038.04,18956479.74,1381516.11,5384427.62,4216452.03,1121076.47,46899.12,conventional,2015,Total U.S.
5/20/18,1.02,44458798.3,15391298.2,12092088.69,736111.95,16239299.46,11427676.19,4549192.2,262431.07,conventional,2018,Total U.S.
3/3/19,1,44402424.87,14607958.6,11158680.97,972115.17,17663670.13,11608928.88,5702349.27,352391.98,conventional,2019,Total U.S.
4/22/18,1.04,44313979.3,14522577.86,12709402.97,722558.85,16359439.62,11850825.63,4207588.22,301025.77,conventional,2018,Total U.S.
3/8/20,1.13,44303012,13057777.35,7639123.04,370264.06,23235646.06,14122435.48,8492346.09,620864.49,conventional,2020,Total U.S.
6/17/18,1.09,44009084.78,14909830.72,12904472.84,782043.1,15412738.12,11486168.32,3707918.88,218650.92,conventional,2018,Total U.S.
1/26/20,1.01,43938472.7,12635230.46,7658265.98,611401.15,23032151.89,13202402.01,9280522.43,549227.45,conventional,2020,Total U.S.
4/29/18,1.07,43856758.99,14254036.95,13240108.54,744030.09,15618583.41,11122006.81,4208203.84,288372.76,conventional,2018,Total U.S.
2/24/19,0.98,43682565.76,13423017.47,12170264.41,1038105.23,17051178.65,11676381.46,5110694.9,264102.29,conventional,2019,Total U.S.
1/27/19,1.03,43574809.65,14531449.87,11053096.21,830802.01,17159461.56,11231765.56,5628141.16,299554.84,conventional,2019,Total U.S.
3/1/20,1.09,43500148.34,12625971.13,7765151.23,455851.22,22652392.02,12883794.01,9241498.09,527099.92,conventional,2020,Total U.S.
3/25/18,1.03,43409835.75,14130799.1,12125711.42,758801.12,16394524.11,12540327.19,3544729.39,309467.53,conventional,2018,Total U.S.
2/11/18,0.97,43167806.09,15870677.7,11541844.87,652856.58,15102426.94,10844852.22,4023485.04,234089.68,conventional,2018,Total U.S.
7/15/18,1.07,43126773.22,13457479.92,12125207.59,908599.1,16635486.61,11924570.43,4460656.29,250259.89,conventional,2018,Total U.S.
6/9/19,1.22,43111833.62,11656650.13,11308618.81,825153.4,19321411.28,10846855.02,7806415.69,668140.57,conventional,2019,Total U.S.
6/2/19,1.23,43111485.93,11420785.75,11004956.59,1002653.78,19683089.81,11094953.78,7743206.2,844929.83,conventional,2019,Total U.S.
5/12/19,1.24,43060975.95,13040337.96,11403251.69,890220.7,17726801.16,11266027.51,6092753.88,368019.77,conventional,2019,Total U.S.
4/8/18,1.04,42964067.68,13410251.75,13040703.22,737515.63,15775597.08,10948345.06,4555612.68,271639.34,conventional,2018,Total U.S.
1/21/18,1.08,42939821.55,14218843.83,13929702.12,928815.12,13862460.48,9866218.28,3789722.9,206519.3,conventional,2018,Total U.S.
5/1/16,0.84,42867608.54,13748944.38,15899858.37,1414364.49,11804441.3,8376124.32,3365582.11,62734.87,conventional,2016,Total U.S.
2/16/20,1.02,42730997.99,12495822.19,7867289.2,521606.52,21846280.08,11583695.32,9598983.4,663601.36,conventional,2020,Total U.S.
2/17/19,0.96,42664975.38,13572742.16,11372877.41,1306103.02,16413252.79,10553827.08,5603664.7,255761.01,conventional,2019,Total U.S.
1/22/17,0.94,42140393.39,14254150.46,14212881.66,908616.41,12764744.86,9462853.82,3231019.56,70871.48,conventional,2017,Total U.S.
7/22/18,1.1,41906916.84,12371332.55,12486290.58,1075361.84,15973931.87,10179551.8,5511074.54,283305.53,conventional,2018,Total U.S.
3/18/18,1.05,41386314.12,13707389.51,11061051.69,645380.85,15972492.07,11712807.19,3988101.74,271583.14,conventional,2018,Total U.S.
5/3/15,0.96,41291704.39,17787611.93,16602589.04,1118329.5,5783173.92,4647155.48,1110987.23,25031.21,conventional,2015,Total U.S.
11/22/20,0.89,41214193.33,11444048.13,7151354.88,618593.03,21977641.34,14390924.72,6937432.89,649283.73,conventional,2020,Total U.S.
4/1/18,1.1,41109688.72,13467728.25,10744041.46,732443.87,16165475.14,11826774.74,4055704.74,282995.66,conventional,2018,Total U.S.
2/12/17,0.87,41077470.65,15051951.54,12184188.37,862322.15,12979008.59,9922489.84,2919324.45,137194.3,conventional,2017,Total U.S.
8/12/18,1.12,40901950.01,12048457.63,12657830.87,881278.72,15314382.79,10707557.83,4270142.34,336682.62,conventional,2018,Total U.S.
3/4/18,1.07,40741214.05,14439547.46,11289307.37,571747.72,14440611.5,10832907.44,3339214.96,268489.1,conventional,2018,Total U.S.
8/19/18,1.13,40735732.68,12009246.19,11634725.16,1116318.45,15975442.88,11055173.29,4500204.69,420064.9,conventional,2018,Total U.S.
5/26/19,1.31,40514870.62,11623029.55,10706872.74,824382.07,17360586.26,10942409.29,6110523.23,307653.74,conventional,2019,Total U.S.
7/29/18,1.12,40512782.19,11801092.77,12818314.9,622037.56,15271336.96,10400081.31,4639008.8,232246.85,conventional,2018,Total U.S.
3/11/18,1.09,40449603.12,14089091.05,10758039.45,707578.82,14894893.8,11392828.89,3229556.62,272508.29,conventional,2018,Total U.S.
6/5/16,0.97,40231259.65,13808859.16,13396651.73,1770948.09,11254800.67,8492744.45,2441022.99,321033.23,conventional,2016,Total U.S.
1/28/18,1.09,40171640.84,14551799.5,12119884.61,575974.74,12923981.99,9749412.19,3041125.42,133444.38,conventional,2018,Total U.S.
9/1/19,1.23,40024359.99,10872365.99,9755443.58,760024.29,18636526.13,12555024.2,5394809.3,686692.63,conventional,2019,Total U.S.
2/25/18,1.06,40021528.76,13829857.87,10415463.59,724330.16,15051877.14,10666942.78,4081397.72,303536.64,conventional,2018,Total U.S.
5/29/16,0.94,40019075.24,13682611.21,13829591.06,1583495.93,10923377.04,8085657.41,2657598.78,180120.85,conventional,2016,Total U.S.
7/3/16,1.06,39993186.04,12508937.27,13315901.42,1761343.08,12407004.27,9967538.34,1887772.28,551693.65,conventional,2016,Total U.S.
5/15/16,0.89,39914996.74,12447598.49,14437190.03,1753852.61,11276355.61,7987028.55,3143280.05,146047.01,conventional,2016,Total U.S.
12/8/19,0.96,39683131.73,11347723.5,8495657.43,732026.79,19106744.01,10559420.53,7946439.04,600884.44,conventional,2019,Total U.S.
4/24/16,0.87,39607695.3,12913697.19,14382184.8,1599863.98,10711949.33,7835835.83,2801102.86,75010.64,conventional,2016,Total U.S.
10/6/19,1.12,39479783.01,9757038.8,9155130.57,833639.74,19733973.9,11293214.76,7958753.83,482005.31,conventional,2019,Total U.S.
8/5/18,1.15,39427666.54,12286513.46,11712660.59,715531.93,14712960.56,10184575.88,4256128.49,272256.19,conventional,2018,Total U.S.
10/28/18,1.01,39402226.58,12142265.3,10845124.43,549490.79,15865346.06,11437562.67,4320344.5,107438.89,conventional,2018,Total U.S.
12/29/19,0.92,39387849.97,11755125.67,7518140.74,695276.47,19419307.09,10764993.72,7997196.35,657117.02,conventional,2019,Total U.S.
1/29/17,0.96,39373579.25,14034075.77,11683464.54,818727.02,12837311.92,9918255.52,2799960.74,119095.66,conventional,2017,Total U.S.
7/9/17,1.17,39367336.18,13009944.14,11031218.25,821964.42,14504209.37,11112405.61,3018280.29,373523.47,conventional,2017,Total U.S.
8/25/19,1.23,39340251.15,11369008.45,8786180.59,834792.32,18350269.79,11207457.71,6397323.14,745488.94,conventional,2019,Total U.S.
6/16/19,1.32,39221437.21,10842298.19,10280896.51,816707.63,17281534.88,10407244.32,6314650.15,559640.41,conventional,2019,Total U.S.
10/27/19,1.04,39116432.88,10769296.72,8331285.17,617736.9,19398114.09,11075003.53,7790540.1,532570.46,conventional,2019,Total U.S.
9/29/19,1.15,39064517.23,10290944.4,9755174.81,562315.01,18456083.01,10561999.22,7553427.13,340656.66,conventional,2019,Total U.S.
11/10/19,1.01,39062078,10717154,8561348,714813,19068763,10984070,7410528,674164,conventional,2019,Total U.S.
11/11/18,1,39042283.34,13355863.68,10385141.1,603032.8,14698245.76,10721367.16,3865596.48,111282.12,conventional,2018,Total U.S.
4/21/19,1.27,39009980.45,11457331.14,9683822.37,1076012.1,16792814.84,10656049.33,5768550.56,368214.95,conventional,2019,Total U.S.
7/7/19,1.46,38883159.64,10153137.06,11262186.64,1019933.85,16447902.09,10234860.7,5496937.19,716104.2,conventional,2019,Total U.S.
1/1/17,0.89,38879716.85,12707894.99,14201200.68,549844.57,11420776.61,8551133.56,2802709.32,66933.73,conventional,2017,Total U.S.
9/15/19,1.21,38782069.87,10684605.45,8996308.28,539377.5,18561778.64,10979483.63,7166522.41,415772.6,conventional,2019,Total U.S.
10/13/19,1.11,38768168.4,10329901.22,9467625.66,710891.62,18259749.9,10580507.7,7098397.42,580844.78,conventional,2019,Total U.S.
9/8/19,1.23,38757175.41,11313320.49,8923953.39,809240.98,17710660.55,12047740,5059285.81,603634.74,conventional,2019,Total U.S.
6/23/19,1.34,38628187.43,10625892.82,9968046.33,764157.27,17270091.01,9808034.03,6785757.85,676299.13,conventional,2019,Total U.S.
6/19/16,1.02,38489936.14,13488851.61,12842698.33,1642735.63,10515650.57,8223280.88,1975350.75,317018.94,conventional,2016,Total U.S.
10/20/19,1.07,38477321.05,9670776.32,8752201.57,675093.3,19378276.53,10546392.39,8378355.78,453528.36,conventional,2019,Total U.S.
11/4/18,1.01,38363282.73,12420772.32,10192035.49,528277.9,15222197.02,10602848.85,4538743.36,80604.81,conventional,2018,Total U.S.
4/30/17,1.18,38315500.43,13316594.36,11291149.13,667996.83,13039760.11,9463810.58,3378923.98,197025.55,conventional,2017,Total U.S.
5/19/19,1.29,38309262.36,11718599.78,10111448.55,909583.84,15569630.19,10410831.77,4907117.36,251681.06,conventional,2019,Total U.S.
1/15/17,0.98,38295488.31,12936858.36,12625665.39,579346.52,12153618.04,9445622.04,2638918.48,69077.52,conventional,2017,Total U.S.
12/31/17,0.98,38267341.61,13109617.49,13197460.59,644837.54,11315425.99,8092355.2,3098373.91,124696.88,conventional,2017,Total U.S.
1/1/18,0.98,38267341.61,13109617.49,13197460.59,644837.54,11315425.99,8092355.2,3098373.91,124696.88,conventional,2018,Total U.S.
6/18/17,1.18,38247669.33,12975373.48,11199448.6,807107.21,13265740.04,9650858.66,3267491.24,347390.14,conventional,2017,Total U.S.
1/3/16,0.86,38142088.04,11616506.17,16054083.86,1560068.62,8911429.39,6464895.83,2287449.76,159083.8,conventional,2016,Total U.S.
10/7/18,1.08,38061759.66,11931876.96,10220788.39,794611.3,15114483.01,11085671.5,3792435.33,236376.18,conventional,2018,Total U.S.
1/8/17,0.99,38049802.62,11809727.7,13856934.7,539068.39,11844071.83,9332971.74,2432259.13,78840.96,conventional,2017,Total U.S.
6/30/19,1.37,38035401.59,9799556.99,10371743.85,857120.3,17006980.45,10061618.06,6340092.86,605269.53,conventional,2019,Total U.S.
7/2/17,1.21,38010426.16,12623188.5,10988734.57,859889.81,13538613.28,10041243.95,3119708.27,377661.06,conventional,2017,Total U.S.
7/5/15,1.04,37943670.34,15643939.37,14213650.06,1342465.95,6743614.96,5803954.33,905204.55,34456.08,conventional,2015,Total U.S.
11/17/19,1.02,37883934,10859987,7674135,586287,18763525,10882824,7272877,607824,conventional,2019,Total U.S.
9/30/18,1.1,37588534.16,11693993.09,10028231.18,659678.66,15206631.23,11080362.15,3869002.42,257266.66,conventional,2018,Total U.S.
9/9/18,1.24,37484253.75,11028194.47,11898526.09,859246.52,13698286.67,9876854.43,3505978.13,315454.11,conventional,2018,Total U.S.
4/17/16,0.9,37467885.19,11954487.56,12896366.58,1896149.5,10720881.55,8128710.21,2467001.94,125169.4,conventional,2016,Total U.S.
8/18/19,1.32,37425679.57,10284041.84,9054931.95,780501.94,17306203.84,10721992.72,5880316.72,703894.4,conventional,2019,Total U.S.
8/11/19,1.34,37406700.1,9588930.54,9165179.06,907351.65,17745238.85,11187291.77,5806802.98,751144.1,conventional,2019,Total U.S.
6/4/17,1.24,37352360.59,13248334.78,10157565.24,667066.51,13279394.06,10103007.01,2946264.52,230122.53,conventional,2017,Total U.S.
11/3/19,1.04,37329536.19,10376832.82,7835071.72,598957.72,18518673.93,10710796.01,7268951.62,538926.3,conventional,2019,Total U.S.
6/25/17,1.17,37305307.68,12901031.63,10805961.74,655965.98,12942348.33,9462413.18,3202253.91,277681.24,conventional,2017,Total U.S.
1/14/18,1.2,37299945.22,12600918.24,11866197.84,652808.4,12180020.74,8128241.88,3917569.95,134208.91,conventional,2018,Total U.S.
9/22/19,1.2,37132649.17,10297739.55,8794973.38,561900.63,17478035.61,9839007.16,7246420.68,392607.77,conventional,2019,Total U.S.
9/4/16,1.04,37130688.91,14643465.52,11083513.46,540680.89,10863029.04,8555283.68,2214419.29,93326.07,conventional,2016,Total U.S.
6/11/17,1.21,37039853.8,13490545.5,10090861.46,648410.9,12810035.94,9373421.78,3128713.2,307900.96,conventional,2017,Total U.S.
5/28/17,1.28,37030893.73,12841952.21,10932970.72,673384.78,12582586.02,9312239.39,3013459.42,256887.21,conventional,2017,Total U.S.
6/14/15,0.98,37026085.75,16383685.07,12821015.03,1085081.61,6736304.04,5893641.72,822399.78,20262.54,conventional,2015,Total U.S.
2/26/17,0.99,37007797.69,13173668.36,11398142.68,896761.77,11539224.88,8945888.88,2405733.76,187602.24,conventional,2017,Total U.S.
5/22/16,0.93,36958035.51,11711999.81,12981224.42,1640829.4,10623981.88,7835766.14,2563223.75,224991.99,conventional,2016,Total U.S.
10/14/18,1.08,36869560.39,11397965.02,10293294.29,599007.52,14579293.56,10460714.07,3928694.16,189885.33,conventional,2018,Total U.S.
8/26/18,1.22,36867974.58,11171123.21,11286479.97,699010.18,13711361.22,9484135.03,3930111.9,297114.29,conventional,2018,Total U.S.
2/28/16,0.91,36801817.68,11907394.72,13210854.56,1560167.75,10123400.65,7251666.99,2802238.74,69494.92,conventional,2016,Total U.S.
2/18/18,1.08,36709887.49,13262751.42,10491918.44,552969.73,12402247.9,9023351.68,3151157.42,227738.8,conventional,2018,Total U.S.
1/7/18,1.13,36703156.72,13730992.75,10781339.21,677714.86,11513109.9,8231766.23,3130919.1,150424.57,conventional,2018,Total U.S.
5/14/17,1.19,36634269.03,12807836.17,9717257.8,652973.26,13456201.8,10373347.62,2859413.59,223440.59,conventional,2017,Total U.S.
6/26/16,1.04,36617023.79,12189035.17,12029918.6,1624942.43,10773127.59,8834969.52,1609568.98,328589.09,conventional,2016,Total U.S.
4/10/16,0.9,36584029.39,12879820.47,11538132.36,1666275.13,10499801.43,7808770.98,2613293.43,77737.02,conventional,2016,Total U.S.
6/7/15,1,36549995.66,16529797.6,12582265.21,1144715.95,6293216.9,5304562.91,943995.95,44658.04,conventional,2015,Total U.S.
2/14/16,0.88,36476441.86,11913078.3,13187973.29,1811090.71,9564299.56,7102422.27,2387455.67,74421.62,conventional,2016,Total U.S.
5/10/15,1.02,36400886.58,16215328.75,13509064.65,858145.45,5818347.73,4991625.82,816629.4,10092.51,conventional,2015,Total U.S.
3/13/16,0.93,36374516.14,11661687.44,13104887.66,1800065.57,9807875.47,7231162.6,2521123.87,55589,conventional,2016,Total U.S.
3/20/16,0.93,36335483.78,11134390.98,13727453.57,1773088.87,9700550.36,7248857.68,2374053.89,77638.79,conventional,2016,Total U.S.
11/29/20,0.89,36303871.76,10341275.25,6001923.1,530410.9,19371480.05,12667978.2,6230121.49,473380.36,conventional,2020,Total U.S.
9/2/18,1.29,36169161.57,10916802.88,10880826.3,777527.98,13594004.41,9783860.21,3485418.35,324725.85,conventional,2018,Total U.S.
3/27/16,0.94,35930195.92,11249198.4,12745266.73,1880231.38,10055499.41,7745105.36,2228007.91,82386.14,conventional,2016,Total U.S.
8/4/19,1.41,35751881.43,10031521.98,8853237.48,789420.88,16077701.09,10217006.54,5217065.62,643628.93,conventional,2019,Total U.S.
6/21/15,1.02,35734613.9,14699604.93,13244466.6,1326422.56,6464119.81,5517909.51,898027.46,48182.84,conventional,2015,Total U.S.
4/23/17,1.18,35729013.92,12236713.41,10224484.11,613507.38,12654309.02,9051466.83,3434846.78,167995.41,conventional,2017,Total U.S.
12/10/17,1.03,35634913.01,11943914.54,11659897.51,398348.55,11632752.41,8404955.25,3122650.26,105146.9,conventional,2017,Total U.S.
9/16/18,1.22,35609955.39,11598586.86,9716277.38,743851.12,13551240.03,9562607.7,3684646.74,303985.59,conventional,2018,Total U.S.
6/12/16,1.04,35580820,12291686.69,11533969.83,1607344.08,10147819.4,8039865.67,1796513.74,311439.99,conventional,2016,Total U.S.
7/10/16,1.1,35567568.43,11457080.38,11677528,1266433.97,11166526.08,8984513.63,1727668.8,454343.65,conventional,2016,Total U.S.
5/24/15,1.04,35344183.15,16000107.8,12513821.19,899779.92,5930474.24,5094263.38,815628.55,20582.31,conventional,2015,Total U.S.
1/10/16,0.93,35264336.01,11441286.89,13226088.66,1282612.91,9314347.55,6735384.32,2528089.14,50874.09,conventional,2016,Total U.S.
4/28/19,1.37,35223603.67,11547044.33,9044580,908429.44,13723549.9,8751301.61,4661547.01,310701.28,conventional,2019,Total U.S.
4/16/17,1.23,35182320.78,12311055.17,10069354.29,650017.26,12151894.06,9399104.79,2544942.74,207846.53,conventional,2017,Total U.S.
12/15/19,1.02,35174364.71,9939946.69,7293252.47,544368.08,17396797.47,9907452.98,6998810.58,490533.91,conventional,2019,Total U.S.
3/6/16,0.95,35064506.04,11824154.63,12196587.24,1686475.33,9357288.84,7502570.03,1747903.69,106815.12,conventional,2016,Total U.S.
7/14/19,1.47,34945476.94,9173282.84,9679713.58,754279.34,15338201.18,9764518.02,4958010.74,615672.42,conventional,2019,Total U.S.
9/23/18,1.19,34866282.28,10635595.44,10368078.03,644554.31,13218054.5,9638333.84,3294142.37,285578.29,conventional,2018,Total U.S.
4/9/17,1.21,34785712.55,12091315.22,10821096.24,647969.03,11225332.06,8946792.83,2098142.94,180396.29,conventional,2017,Total U.S.
7/28/19,1.47,34727442.98,9360275.5,8978733.7,948645.42,15439788.36,9477042.5,5252512.64,710233.22,conventional,2019,Total U.S.
1/31/16,0.93,34721249.92,11098088.49,13278053.61,1643703.17,8701404.65,6684515.27,1823889.58,192999.8,conventional,2016,Total U.S.
11/24/19,1.06,34631238,9568975,7488155,647375,16926733,9572128,6756021,598584,conventional,2019,Total U.S.
4/2/17,1.21,34468017.36,12245520.55,9733584.68,624709.69,11864202.44,9385516.28,2330300.27,148385.89,conventional,2017,Total U.S.
12/22/19,1.03,34459834.98,10219144.89,6805134.76,695299.88,16740255.45,9193315.35,6983046.64,563893.46,conventional,2019,Total U.S.
1/17/16,0.94,34426341.87,10036597.84,13832256.04,1419405.62,9138082.37,6846324.06,2228420.91,63337.4,conventional,2016,Total U.S.
5/21/17,1.26,34397651.15,12120948.7,10213231.95,621603.57,11441866.93,8508442.17,2718685.22,214739.54,conventional,2017,Total U.S.
8/14/16,1.12,34386177.3,12352932.68,10879341.61,749247.02,10404655.99,8479506.83,1813210.6,111938.56,conventional,2016,Total U.S.
9/11/16,1.08,34126730.95,12962762.94,10380438.09,512160.27,10271369.65,8199580.75,2016484.84,55304.06,conventional,2016,Total U.S.
10/21/18,1.13,34002534.69,10104600.64,9817026.08,530698.97,13550209,9914169.64,3463120.27,172919.09,conventional,2018,Total U.S.
8/28/16,1.09,33993931.31,12561055.5,10420973,563738.54,10448164.27,8503870.88,1785021.92,159271.47,conventional,2016,Total U.S.
2/19/17,0.99,33905854.58,11321732.4,10351148.2,832906.12,11400067.86,8676989.56,2576166.71,146911.59,conventional,2017,Total U.S.
7/21/19,1.5,33854234.81,8971163.89,9009255.54,857181.35,15016634.03,9310149.58,4989308.61,717175.84,conventional,2019,Total U.S.
12/3/17,1.09,33824253,11746980,10905968,583801,10587491,7730801,2748622,108068,conventional,2017,Total U.S.
8/7/16,1.15,33819909.09,12197105.36,10731379.56,754548.53,10136875.64,8386276.39,1569550.49,181048.76,conventional,2016,Total U.S.
5/31/15,1.03,33720159.09,15503613.33,11599634.02,903908.35,5713003.39,4967231.63,726046.25,19725.51,conventional,2015,Total U.S.
3/5/17,1.13,33684175.01,11335275.58,10807889.59,795173.2,10745836.64,8302600.77,2322677.19,120558.68,conventional,2017,Total U.S.
4/3/16,0.94,33668450.55,11320969.79,11512621.85,1731910.48,9102948.43,6830380.18,2213379.44,59188.81,conventional,2016,Total U.S.
8/21/16,1.1,33592097.72,12725249.3,9906498.51,609720.87,10350629.04,8749239.27,1446381.11,155008.66,conventional,2016,Total U.S.
9/6/15,1.02,33526480.08,12569277.14,14245598.38,1129771.19,5581833.37,4363707.93,1184888.95,33236.49,conventional,2015,Total U.S.
8/9/15,1.05,33254911.87,13003371.07,13926692.62,1014520.88,5310327.3,4391461.66,888237.91,30627.73,conventional,2015,Total U.S.
4/19/15,1.03,33091256.26,14251319.31,12277858.78,1016631.26,5545446.91,4696224.79,819935.17,29286.95,conventional,2015,Total U.S.
3/1/15,0.97,32994014.16,13282222.98,13733124.48,1070576.07,4908090.63,4129138.63,725218.35,53733.65,conventional,2015,Total U.S.
8/13/17,1.33,32817254.13,10952703.84,11154310.29,624963.41,10085276.59,6687661.77,3118889.17,278725.65,conventional,2017,Total U.S.
2/21/16,0.94,32804733.22,10015825.13,12003751.56,1375260.47,9409896.06,7213492.61,2150749.43,45654.02,conventional,2016,Total U.S.
1/24/16,0.95,32787079.21,7020459,14054367.5,1440380.36,10271872.35,7438489.6,2668368.01,165014.74,conventional,2016,Total U.S.
7/17/16,1.15,32656123.63,10320463.27,10628872.6,953631.47,10753156.29,8737861.29,1624816.27,390478.73,conventional,2016,Total U.S.
7/23/17,1.31,32608301.51,11391055.98,11339580.43,612242.37,9265422.73,6333888.33,2636616.32,294918.08,conventional,2017,Total U.S.
3/26/17,1.24,32555119.32,11737559.6,9664310.82,611105.54,10542143.36,8498317.81,1844371.94,199453.61,conventional,2017,Total U.S.
8/6/17,1.33,32529920.23,11292580.44,10988313.58,665312.55,9583713.66,6889925.78,2376269.93,317517.95,conventional,2017,Total U.S.
3/22/15,1.01,32513550.51,13697405.61,12659784.83,1066385.92,5089974.15,4275071.46,762527.54,52375.15,conventional,2015,Total U.S.
7/16/17,1.33,32455047.11,11155465.9,11202844.97,756103.12,9340633.12,6514899.46,2499385.51,326348.15,conventional,2017,Total U.S.
6/28/15,1.06,32408705.7,13299568.71,11505999.24,1045832.54,6557305.21,5690216.31,846752.4,20336.5,conventional,2015,Total U.S.
7/24/16,1.2,32339377.09,10331314.28,10795751.15,947964.05,10264347.61,8315738.7,1561208.69,387400.22,conventional,2016,Total U.S.
11/12/17,1.15,32336225,11512837,9994648,416643,10412097,7277327,3044847,89923,conventional,2017,Total U.S.
7/19/15,1.07,32324647.66,12742760.17,12605457.17,1154897.34,5821532.98,4757798.96,1013834.06,49899.96,conventional,2015,Total U.S.
2/8/15,0.95,32137333.01,13308193.4,13381347.54,737939.45,4709852.62,4022474.85,673453.54,13924.23,conventional,2015,Total U.S.
11/5/17,1.19,32051594.24,11042128.27,9774987.75,400250.97,10834227.25,7470394.42,3275463.49,88369.34,conventional,2017,Total U.S.
4/12/15,1.02,32046401.64,14793354.18,11210544.11,807942.41,5234560.94,4400469.38,826567.05,7524.51,conventional,2015,Total U.S.
5/17/15,1.06,32027686.15,14615941.59,11003341.22,963549.53,5444853.81,4747544.74,660983.55,36325.52,conventional,2015,Total U.S.
3/12/17,1.22,32020573.94,11228357.23,9575227.17,727233.05,10489756.49,8207585.25,2124294.41,157876.83,conventional,2017,Total U.S.
8/16/15,1.05,31936856.18,12680252.48,12998327.25,1143364.58,5114911.87,4342839.06,703542.1,68530.71,conventional,2015,Total U.S.
7/30/17,1.32,31756097.22,11112191.11,11088082.78,596676.12,8959147.21,6337457.44,2396438.66,225251.11,conventional,2017,Total U.S.
7/12/15,1.07,31660031.68,12384449.4,12403360.2,980361.75,5891860.33,5067198.34,796786.14,27875.85,conventional,2015,Total U.S.
12/4/16,1,31621221.9,11043350.9,9908982.97,428009.84,10240878.19,7187022.58,2988504.98,65350.63,conventional,2016,Total U.S.
3/19/17,1.25,31595125.23,10975689.78,9622711.73,638217.85,10358505.87,8202242.37,2000176.08,156087.42,conventional,2017,Total U.S.
4/5/15,1.06,31500669.44,13939014.43,11526980.36,871981.29,5162693.36,4477299.71,666514.74,18878.91,conventional,2015,Total U.S.
9/18/16,1.15,31346091.46,11337829.1,9481313.14,486187.39,10040761.83,7649502.34,2311262.99,79996.5,conventional,2016,Total U.S.
1/4/15,0.95,31324277.73,12357161.34,13624083.05,844093.32,4498940.02,3585321.58,894945.63,18672.81,conventional,2015,Total U.S.
12/1/19,1.05,31319054,9291631,6238096,585262,15204064,8665497,5986828,551739,conventional,2019,Total U.S.
9/13/15,1.03,31245835.65,9875018.48,14888077.69,1118988.92,5363750.56,4072661.53,1226810.47,64278.56,conventional,2015,Total U.S.
7/31/16,1.23,31201590.22,10168972.37,10423957.83,783937.09,9824722.93,8193011.02,1431744.52,199967.39,conventional,2016,Total U.S.
11/1/15,0.97,31047484.27,10138703.85,14229286.82,1410928.18,5268565.42,3966597.25,1246220.37,55747.8,conventional,2015,Total U.S.
4/26/15,1.07,30894157.8,13833715.28,10867403.08,889732.2,5303307.24,4584203.44,687179.4,31924.4,conventional,2015,Total U.S.
12/17/17,1.07,30757767.03,10704214.26,9934618.43,574089.32,9544845.02,7149680.01,2260602.86,134562.15,conventional,2017,Total U.S.
7/26/15,1.07,30652211.08,12196225.93,12009228.05,1017157.74,5429599.36,4627251.87,779807.55,22539.94,conventional,2015,Total U.S.
8/2/15,1.09,30358467.88,12115233.76,12219014.12,984702.75,5039517.25,4322985.19,689175.8,27356.26,conventional,2015,Total U.S.
9/25/16,1.22,30305112.89,10548061.13,9255913.78,492604.3,10008533.68,7440444.59,2476400.79,91688.3,conventional,2016,Total U.S.
12/25/16,1,30287853.7,9255125.2,10282925.61,541972.42,10207830.47,7709584.33,2417144.92,81101.22,conventional,2016,Total U.S.
10/29/17,1.29,30237911.23,10596902.91,9803569.58,424755.66,9412683.08,6602082.25,2747519.87,63080.96,conventional,2017,Total U.S.
3/8/15,1.02,30094698.85,13013750.35,10973972.6,834009.15,5272966.75,4583726.82,673149.42,16090.51,conventional,2015,Total U.S.
12/11/16,0.98,30093540.7,9009996.11,9967220.02,403047.93,10713276.64,8149438.75,2490495.07,73342.82,conventional,2016,Total U.S.
3/29/15,1.04,29982648.43,12524637.04,11541041.35,811272.88,5105697.16,4487886.76,610349.2,7461.2,conventional,2015,Total U.S.
2/22/15,1.02,29936729.76,12628562.36,11354281.64,937138.85,5016746.91,4336247.12,667149.29,13350.5,conventional,2015,Total U.S.
8/20/17,1.41,29913744.37,10507928.78,8837219.28,581074.35,9987521.96,6837126.12,2911554.48,238841.36,conventional,2017,Total U.S.
11/18/18,1.14,29871135.02,9719228.92,7271528.37,497404.35,12382973.38,9174635.04,3103022.56,105315.78,conventional,2018,Total U.S.
8/30/15,1.07,29761638.48,11650976.87,11995960.83,1060352.53,5054348.25,4316352.47,685816.37,52179.41,conventional,2015,Total U.S.
8/23/15,1.08,29699845.61,11283021.31,12551529.7,909284.22,4956010.38,4318010.6,612362.43,25637.35,conventional,2015,Total U.S.
10/2/16,1.23,29615008.49,9534915.56,9123897.74,490123.01,10466072.18,7408765.9,2981275.76,76030.52,conventional,2016,Total U.S.
12/18/16,0.96,29583882.61,9394065.91,10339168.2,427872.42,9422776.08,6970320.34,2358443.96,94011.78,conventional,2016,Total U.S.
3/15/15,1.04,29572225.71,13149988.71,10634070.76,871575.04,4916591.2,4287621.56,614904.92,14064.72,conventional,2015,Total U.S.
9/20/15,1.02,29569086.56,9422275.27,13846044.56,1112405.42,5188361.31,3938274.51,1183732.08,66354.72,conventional,2015,Total U.S.
10/18/15,0.99,29375123.6,9162094.14,14082539.61,1220251.19,4910238.66,3930198.18,952191.42,27849.06,conventional,2015,Total U.S.
11/19/17,1.17,29253484,11173132,7847059,416186,9817108,6662322,3059627,95159,conventional,2017,Total U.S.
10/11/15,1,29216198.15,8828340.53,13326573.45,1614282.73,5447001.44,4153477.6,1221305.29,72218.55,conventional,2015,Total U.S.
12/24/17,1.18,29102349.33,10027319.18,8964247.34,546373.81,9564409,7222270.69,2226794.39,115343.92,conventional,2017,Total U.S.
1/11/15,1.01,29063542.75,11544810.53,12134773.38,866574.66,4517384.18,3783261.16,718333.87,15789.15,conventional,2015,Total U.S.
1/18/15,1.03,29043458.85,11858139.34,11701947.8,831301.9,4652069.81,3873041.26,771093.2,7935.35,conventional,2015,Total U.S.
10/9/16,1.27,28857581.98,9552502.48,9579338.98,490956.88,9234783.64,6849126.9,2316377.99,69278.75,conventional,2016,Total U.S.
12/6/15,0.89,28800396.57,9405464.36,12160838.62,931830.63,6302262.96,5005077.36,1233956.21,63229.39,conventional,2015,Total U.S.
8/27/17,1.47,28785279.75,10735709.61,8587105.6,517541.94,8944922.6,6592504,2117565.5,234853.1,conventional,2017,Total U.S.
11/15/15,0.92,28597756.27,9907981.27,11699787.51,815641.54,6174345.95,4854619.04,1283546.73,36180.18,conventional,2015,Total U.S.
11/8/15,0.97,28485715.97,9991330.31,12199657.4,1143214.59,5151513.67,4058500.97,1027701.97,65310.73,conventional,2015,Total U.S.
1/25/15,1.04,28470310.84,12167445.03,10734652.82,768020.05,4800192.94,3978636.9,812924.73,8631.31,conventional,2015,Total U.S.
10/4/15,1.02,28243505.52,8353619.97,13775651.69,1209045.07,4905188.79,3664890.84,1189350.26,50947.69,conventional,2015,Total U.S.
12/13/15,0.93,28041335.38,9855053.66,10805838.91,1016163.17,6364279.64,4964462.13,1371440.28,28377.23,conventional,2015,Total U.S.
2/15/15,1.03,28012520.93,12626615.3,9783489.59,845653.52,4756762.52,4096226.46,648632,11904.06,conventional,2015,Total U.S.
9/27/15,1.03,27753508.14,8454208.8,13819912.63,1061979.37,4417407.34,3476492.68,886423.93,54490.73,conventional,2015,Total U.S.
10/16/16,1.3,27707046.82,8810664.45,8855072.75,447291.48,9594018.14,6934368.93,2575095.84,84553.37,conventional,2016,Total U.S.
12/2/18,1.22,27652425.62,9516477.21,7462865.75,521910.02,10151172.64,7174281.4,2895343.32,81547.92,conventional,2018,Total U.S.
12/27/15,0.95,27297983.67,9626901.09,10197890.05,1184340.09,6288852.44,4850404.09,1252626.31,185822.04,conventional,2015,Total U.S.
9/3/17,1.57,26808410.65,9775062.87,8565265.61,541902.88,7926179.29,5851814.47,1855970.25,218394.57,conventional,2017,Total U.S.
10/22/17,1.44,26706971.51,9607586.96,8761192.74,409598.47,7928593.34,6074596.23,1804539.66,49457.45,conventional,2017,Total U.S.
9/10/17,1.56,26385081.36,9496485.27,8373234.08,487926.52,8027435.49,6035666.24,1818832.48,172936.77,conventional,2017,Total U.S.
10/25/15,1.04,26240072.11,8683958.8,11410478.34,1188118.95,4957516.02,3918658.43,999727.7,39129.89,conventional,2015,Total U.S.
9/17/17,1.57,25394902.82,9153158.54,8328241.87,417270.7,7496231.71,5494163.7,1923561.42,78506.59,conventional,2017,Total U.S.
11/22/15,0.96,25114228.11,8571849.8,10389879.59,804662.83,5347835.89,4178583.45,1137229.84,32022.6,conventional,2015,Total U.S.
12/20/15,0.98,25083647.17,8710021.76,9329861.85,1201020.01,5842743.55,4618389.66,1025048.77,199305.12,conventional,2015,Total U.S.
10/15/17,1.58,25031589.09,8769357.86,8534404.17,392119.12,7335707.94,5387869.35,1893510.99,54327.6,conventional,2017,Total U.S.
11/20/16,1.27,24989702.75,8531160.52,8033510.82,407567.78,8017463.63,6207080.46,1765673.77,44709.4,conventional,2016,Total U.S.
10/23/16,1.34,24753513.95,7579629.06,8104522.26,452383.96,8616978.67,6508666.81,2016513.03,91798.83,conventional,2016,Total U.S.
11/26/17,1.24,24686675,9175316,7312239,379637,7819483,5571801,2156887,90795,conventional,2017,Total U.S.
9/24/17,1.62,24637148.38,8652381.39,8295761.93,385004.72,7304000.34,5442167.06,1792564.59,69268.69,conventional,2017,Total U.S.
10/1/17,1.64,24610645.21,8342407.59,8354516.32,384794.18,7528927.12,5513111.7,1954129.38,61686.04,conventional,2017,Total U.S.
10/8/17,1.65,24397166.19,8911144.2,7609509.9,391832.89,7484679.2,5444021.28,1976738.84,63919.08,conventional,2017,Total U.S.
11/13/16,1.36,24075126.49,8235135.43,7759608.21,477520.95,7602861.9,5602593.66,1957163.93,43104.31,conventional,2016,Total U.S.
11/27/16,1.21,22923062.65,7891487.94,7337341.77,344475.9,7349757.04,5691266.56,1609867.2,48623.28,conventional,2016,Total U.S.
11/29/15,0.99,22617999.38,8094803.56,9003178.41,731008.41,4789009,3901953.04,856560.34,30495.62,conventional,2015,Total U.S.
11/6/16,1.44,22534698.38,7804252.91,7126936.31,505349.44,7098159.72,5245066.66,1812174.32,40918.74,conventional,2016,Total U.S.
11/25/18,1.25,21855493.69,7140335.3,6021450.19,402865.82,8290842.38,6016142.82,2183010.88,91688.68,conventional,2018,Total U.S.
10/30/16,1.43,21009730.21,7100458.82,6852046.35,453145.26,6604079.78,4655045.62,1882750.65,66283.51,conventional,2016,Total U.S.